timestamp,open,high,low,close,volume,vwap,transactions
2023-06-20 04:00:00,185.2709,184.41,185.01,186.1,577495,184.41,1970.0
2023-06-21 04:00:00,184.0809,184.9,183.96,185.41,520855,182.5901,1970.0
2023-06-22 04:00:00,186.1166,183.74,187.0,187.045,563076,183.67,1970.0
2023-06-23 04:00:00,186.4952,185.55,186.68,187.56,539704,185.01,1970.0
2023-06-26 04:00:00,186.3292,186.83,185.27,188.05,584497,185.23,1970.0
2023-06-27 04:00:00,187.4998,185.89,188.06,188.39,511866,185.67,1970.0
2023-06-28 04:00:00,188.8916,187.93,189.25,189.9,559145,187.6,1970.0
2023-06-29 04:00:00,189.5561,189.08,189.59,190.07,525367,188.94,1970.0
2023-06-30 04:00:00,193.102,191.63,193.97,194.48,774380,191.26,1970.0
2023-07-03 04:00:00,192.6624,193.78,192.46,193.88,500175,191.76,1970.0
2023-07-05 04:00:00,191.5803,191.565,191.33,192.98,560170,190.62,1970.0
2023-07-06 04:00:00,190.8214,189.84,191.81,192.02,562755,189.2,1970.0
2023-07-07 04:00:00,191.4218,191.41,190.68,192.67,538826,190.24,1970.0
2023-07-10 04:00:00,188.3628,189.26,188.61,189.99,736912,187.035,1970.0
2023-07-11 04:00:00,187.8219,189.16,188.08,189.3,577717,186.6,1970.0
2023-07-12 04:00:00,189.9586,189.68,189.77,191.7,652126,188.47,1970.0
2023-07-13 04:00:00,190.565,190.5,190.54,191.19,467952,189.78,1970.0
2023-07-14 04:00:00,190.4662,190.23,190.69,191.1799,513233,189.63,1970.0
2023-07-17 04:00:00,193.2997,191.9,193.99,194.32,602852,191.81,1970.0
2023-07-18 04:00:00,193.3846,193.35,193.73,194.33,544605,192.415,1970.0
2023-07-19 04:00:00,194.9188,193.1,195.1,198.23,776766,192.65,1970.0
2023-07-20 04:00:00,194.276,195.09,193.13,196.47,639817,192.495,1970.0
2023-07-21 04:00:00,192.5948,194.1,191.94,194.97,580360,191.23,1970.0
2023-07-24 04:00:00,193.2018,193.41,192.75,194.91,525853,192.25,1970.0
2023-07-25 04:00:00,193.804,193.33,193.62,194.44,445394,192.915,1970.0
2023-07-26 04:00:00,194.3737,193.67,194.5,195.64,502309,193.32,1970.0
2023-07-27 04:00:00,194.8773,196.02,193.22,197.2,570472,192.55,1970.0
2023-07-28 04:00:00,195.8075,194.67,195.83,196.626,519151,194.14,1970.0
2023-07-31 04:00:00,196.1507,196.06,196.45,196.49,530506,195.26,1970.0
2023-08-01 04:00:00,195.8486,196.235,195.605,196.73,477616,195.28,1970.0
2023-08-02 04:00:00,192.9395,195.04,192.58,195.18,620582,191.8507,1970.0
2023-08-03 04:00:00,191.1312,191.57,191.17,192.37,754703,190.69,1970.0
2023-08-04 04:00:00,184.279,185.52,181.99,187.38,1336765,181.92,1970.0
2023-08-07 04:00:00,179.0119,182.13,178.85,183.13,1159281,177.35,1970.0
2023-08-08 04:00:00,178.9854,179.69,179.8,180.27,709019,177.58,1970.0
2023-08-09 04:00:00,178.4887,180.87,178.19,180.93,666112,177.01,1970.0
2023-08-10 04:00:00,178.7951,179.48,177.97,180.75,652995,177.6,1970.0
2023-08-11 04:00:00,177.8056,177.32,177.79,178.62,586481,176.55,1970.0
2023-08-14 04:00:00,178.9475,177.97,179.46,179.69,564982,177.305,1970.0
2023-08-15 04:00:00,177.9886,178.88,177.45,179.48,510071,177.05,1970.0
2023-08-16 04:00:00,177.4133,177.13,176.57,178.54,526074,176.5,1970.0
2023-08-17 04:00:00,174.5857,177.14,174.0,177.5054,673083,173.48,1970.0
2023-08-18 04:00:00,173.8904,172.3,174.49,175.1,596474,171.96,1970.0
2023-08-21 04:00:00,175.2221,175.07,175.84,176.13,559658,173.735,1970.0
2023-08-22 04:00:00,177.0098,177.06,177.23,177.68,501508,176.25,1970.0
2023-08-23 04:00:00,180.6482,178.52,181.12,181.55,587165,178.325,1970.0
2023-08-24 04:00:00,177.7035,180.674,176.38,181.104,610377,176.01,1970.0
2023-08-25 04:00:00,177.9075,177.38,178.61,179.15,554789,175.82,1970.0
2023-08-28 04:00:00,179.6595,180.09,180.19,180.59,532485,178.545,1970.0
2023-08-29 04:00:00,183.28,179.695,184.12,184.9,576465,179.5,1970.0
2023-08-30 04:00:00,186.93,184.94,187.65,187.85,636448,184.74,1970.0
2023-08-31 04:00:00,188.1489,187.84,187.87,189.12,554869,187.48,1970.0
2023-09-01 04:00:00,189.0424,189.485,189.46,189.92,530273,188.28,1970.0
2023-09-05 04:00:00,189.1084,188.28,189.7,189.98,602458,187.61,1970.0
2023-09-06 04:00:00,183.786,188.4,182.91,188.85,880106,181.47,1970.0
2023-09-07 04:00:00,176.7332,175.18,177.56,178.21,1210080,173.54,1970.0
2023-09-08 04:00:00,179.0663,178.35,178.18,180.239,755389,177.79,1970.0
2023-09-11 04:00:00,178.8465,180.07,179.36,180.3,722430,177.34,1970.0
2023-09-12 04:00:00,176.7048,179.49,176.3,180.13,937419,174.82,1970.0
2023-09-13 04:00:00,175.0352,176.51,174.21,177.3,835150,173.98,1970.0
2023-09-14 04:00:00,175.3715,174.0,175.74,176.1,641017,173.58,1970.0
2023-09-15 04:00:00,175.0843,176.48,175.01,176.495,729794,173.82,1970.0
2023-09-18 04:00:00,177.8915,176.48,177.97,179.38,731278,176.17,1970.0
2023-09-19 04:00:00,178.4293,177.52,179.07,179.63,524402,177.13,1970.0
2023-09-20 04:00:00,176.9653,179.26,175.49,179.695,600225,175.4,1970.0
2023-09-21 04:00:00,174.8619,174.55,173.93,176.3,631478,173.86,1970.0
2023-09-22 04:00:00,175.4667,174.67,174.79,177.079,606168,174.05,1970.0
2023-09-25 04:00:00,175.6665,174.2,176.08,176.97,564218,174.15,1970.0
2023-09-26 04:00:00,172.7156,174.82,171.96,175.2,688340,171.66,1970.0
2023-09-27 04:00:00,170.5335,172.62,170.43,173.04,707850,169.05,1970.0
2023-09-28 04:00:00,170.297,169.34,170.69,172.03,618584,167.62,1970.0
2023-09-29 04:00:00,171.5997,172.02,171.21,173.07,535134,170.341,1970.0
2023-10-02 04:00:00,173.2879,171.22,173.75,174.3,617249,170.93,1970.0
2023-10-03 04:00:00,172.1342,172.255,172.4,173.63,542569,170.82,1970.0
2023-10-04 04:00:00,172.9437,171.09,173.66,174.21,560975,170.97,1970.0
2023-10-05 04:00:00,174.2297,173.79,174.91,175.45,509175,172.68,1970.0
2023-10-06 04:00:00,176.3366,173.8,177.49,177.99,593944,173.18,1970.0
2023-10-09 04:00:00,177.8683,176.81,178.99,179.05,518256,175.8,1970.0
2023-10-10 04:00:00,178.6901,178.1,178.39,179.72,524939,177.95,1970.0
2023-10-11 04:00:00,178.9503,178.2,179.8,179.85,503477,177.6,1970.0
2023-10-12 04:00:00,180.9482,180.07,180.71,182.34,616891,179.04,1970.0
2023-10-13 04:00:00,179.4154,181.42,178.85,181.93,531441,178.14,1970.0
2023-10-16 04:00:00,178.1478,176.75,178.72,179.075,632605,176.51,1970.0
2023-10-17 04:00:00,176.8623,176.645,177.15,178.42,592323,174.8,1970.0
2023-10-18 04:00:00,176.3501,175.58,175.84,177.575,540187,175.11,1970.0
2023-10-19 04:00:00,176.215,176.04,175.46,177.84,560260,175.19,1970.0
2023-10-20 04:00:00,173.7459,175.31,172.88,175.42,600318,172.64,1970.0
2023-10-23 04:00:00,172.3829,170.91,173.0,174.01,639616,169.93,1970.0
2023-10-24 04:00:00,172.7333,173.05,173.44,173.67,530406,171.45,1970.0
2023-10-25 04:00:00,171.4932,171.88,171.1,173.06,610143,170.65,1970.0
2023-10-26 04:00:00,167.5944,170.37,166.89,171.3775,815217,165.67,1970.0
2023-10-27 04:00:00,167.9072,166.91,168.22,168.96,609511,166.83,1970.0
2023-10-30 04:00:00,170.0774,169.02,170.29,171.17,628253,168.87,1970.0
2023-10-31 04:00:00,169.9252,169.35,170.77,170.9,509879,167.9,1970.0
2023-11-01 04:00:00,172.6187,171.0,173.97,174.23,633476,170.12,1970.0
2023-11-02 04:00:00,176.6794,175.52,177.57,177.78,805046,175.46,1970.0
2023-11-03 04:00:00,175.5751,174.24,176.65,176.82,858038,173.35,1970.0
2023-11-06 05:00:00,178.5589,176.38,179.23,179.43,678103,176.21,1970.0
2023-11-07 05:00:00,181.2627,179.18,181.82,182.44,653779,178.97,1970.0
2023-11-08 05:00:00,182.6566,182.35,182.89,183.45,542421,181.59,1970.0
2023-11-09 05:00:00,182.912,182.96,182.41,184.12,545657,181.81,1970.0
2023-11-10 05:00:00,185.4104,183.97,186.4,186.565,610938,183.53,1970.0
2023-11-13 05:00:00,184.8317,185.82,184.8,186.03,530407,184.21,1970.0
2023-11-14 05:00:00,187.2038,187.7,187.44,188.11,609218,186.3,1970.0
2023-11-15 05:00:00,188.4191,187.845,188.01,189.5,564159,187.78,1970.0
2023-11-16 05:00:00,189.7109,189.57,189.71,190.96,620748,188.65,1970.0
2023-11-17 05:00:00,189.6022,190.25,189.69,190.38,510217,188.57,1970.0
2023-11-20 05:00:00,191.2984,189.89,191.45,191.905,554014,189.88,1970.0
2023-11-21 05:00:00,190.51,191.41,190.64,191.52,450749,189.74,1970.0
2023-11-22 05:00:00,191.7223,191.49,191.31,192.93,463560,190.825,1970.0
2023-11-24 05:00:00,189.7899,190.87,189.97,190.9,335946,189.25,1970.0
2023-11-27 05:00:00,189.7974,189.92,189.79,190.67,508895,188.9,1970.0
2023-11-28 05:00:00,190.165,189.78,190.4,191.08,458154,189.4,1970.0
2023-11-29 05:00:00,189.9974,190.9,189.37,192.09,493064,188.97,1970.0
2023-11-30 05:00:00,189.337,189.84,189.95,190.32,486786,188.19,1970.0
2023-12-01 05:00:00,190.8613,190.33,191.24,191.56,515537,189.23,1970.0
2023-12-04 05:00:00,188.916,189.98,189.43,190.05,587461,187.4511,1970.0
2023-12-05 05:00:00,193.1715,190.21,193.42,194.4,700669,190.18,1970.0
2023-12-06 05:00:00,192.8014,194.45,192.32,194.76,491436,192.11,1970.0
2023-12-07 05:00:00,194.3967,193.63,194.27,195.0,495048,193.59,1970.0
2023-12-08 05:00:00,195.1638,194.2,195.71,195.99,538968,193.67,1970.0
2023-12-11 05:00:00,192.7089,193.11,193.18,193.49,691172,191.42,1970.0
2023-12-12 05:00:00,193.7834,193.08,194.71,194.72,510768,191.721,1970.0
2023-12-13 05:00:00,196.9085,195.09,197.96,198.0,672552,194.85,1970.0
2023-12-14 05:00:00,198.2872,198.02,198.11,199.62,691862,196.16,1970.0
2023-12-15 05:00:00,197.56,197.53,197.57,198.3999,625452,197.0,1970.0
2023-12-18 05:00:00,195.6255,196.09,195.89,196.63,655763,194.39,1970.0
2023-12-19 05:00:00,196.5277,196.16,196.94,196.95,451709,195.89,1970.0
2023-12-20 05:00:00,196.142,196.9,194.83,197.68,550599,194.83,1970.0
2023-12-21 05:00:00,194.7425,196.1,194.68,197.08,554844,193.5,1970.0
2023-12-22 05:00:00,194.1013,195.18,193.6,195.41,500544,192.97,1970.0
2023-12-26 05:00:00,193.1713,193.61,193.05,193.89,488257,192.83,1970.0
2023-12-27 05:00:00,192.5679,192.49,193.15,193.5,548076,191.09,1970.0
2023-12-28 05:00:00,193.9222,194.14,193.58,194.66,472404,193.17,1970.0
2023-12-29 05:00:00,192.5761,193.9,192.53,194.4,509123,191.725,1970.0
2024-01-02 05:00:00,185.9465,187.15,185.64,188.44,1008871,183.885,1970.0
2024-01-03 05:00:00,184.3226,184.22,184.25,185.88,656853,183.43,1970.0
2024-01-04 05:00:00,182.0183,182.15,181.91,183.0872,712692,180.88,1970.0
2024-01-05 05:00:00,181.474,181.99,181.18,182.76,682334,180.17,1970.0
2024-01-08 05:00:00,184.3702,182.085,185.56,185.6,669173,181.5,1970.0
2024-01-09 05:00:00,184.3706,183.92,185.14,185.15,538180,182.73,1970.0
2024-01-10 05:00:00,185.2509,184.35,186.19,186.4,554777,183.92,1970.0
2024-01-11 05:00:00,185.0604,186.54,185.59,187.05,584008,183.62,1970.0
2024-01-12 05:00:00,185.8199,186.06,185.92,186.74,477050,185.19,1970.0
2024-01-16 05:00:00,182.8866,182.16,183.63,184.26,767281,180.934,1970.0
2024-01-17 05:00:00,181.9201,181.27,182.68,182.93,594632,180.3,1970.0
2024-01-18 05:00:00,187.9358,186.09,188.63,189.14,787233,185.83,1970.0
2024-01-19 05:00:00,190.6149,189.33,191.56,191.95,682663,188.82,1970.0
2024-01-22 05:00:00,193.9891,192.3,193.89,195.33,718107,192.26,1970.0
2024-01-23 05:00:00,194.8203,195.02,195.18,195.75,533093,193.8299,1970.0
2024-01-24 05:00:00,195.2063,195.42,194.5,196.38,594714,194.34,1970.0
2024-01-25 05:00:00,194.7337,195.22,194.17,196.2675,644526,193.1125,1970.0
2024-01-26 05:00:00,193.1207,194.27,192.42,194.76,534165,191.94,1970.0
2024-01-29 05:00:00,191.2954,192.01,191.73,192.2,599513,189.58,1970.0
2024-01-30 05:00:00,188.7927,190.94,188.04,191.8,690705,187.47,1970.0
2024-01-31 05:00:00,185.3525,187.04,184.4,187.095,679844,184.35,1970.0
2024-02-01 05:00:00,185.5688,183.985,186.86,186.95,820977,183.82,1970.0
2024-02-02 05:00:00,184.744,179.86,185.85,187.33,1108465,179.25,1970.0
2024-02-05 05:00:00,187.6824,188.15,187.68,189.25,804748,185.84,1970.0
2024-02-06 05:00:00,188.4788,186.86,189.3,189.31,530825,186.7695,1970.0
2024-02-07 05:00:00,189.3803,190.64,189.41,191.05,596088,188.61,1970.0
2024-02-08 05:00:00,188.3032,189.385,188.32,189.535,521464,187.35,1970.0
2024-02-09 05:00:00,189.0056,188.65,188.85,189.99,544714,188.0,1970.0
2024-02-12 05:00:00,187.5914,188.415,187.15,188.67,585515,186.79,1970.0
2024-02-13 05:00:00,185.0421,185.77,185.04,186.21,644015,183.5128,1970.0
2024-02-14 05:00:00,183.6207,185.32,184.15,185.53,679072,182.44,1970.0
2024-02-15 05:00:00,182.8487,183.55,183.86,184.49,756083,181.35,1970.0
2024-02-16 05:00:00,182.7317,183.42,182.31,184.85,611770,181.665,1970.0
2024-02-20 05:00:00,181.1005,181.79,181.56,182.43,712335,180.0,1970.0
2024-02-21 05:00:00,181.9941,181.94,182.32,182.8888,522492,180.66,1970.0
2024-02-22 05:00:00,183.8372,183.48,184.37,184.955,613892,182.46,1970.0
2024-02-23 05:00:00,182.9876,185.01,182.52,185.04,549250,182.23,1970.0
2024-02-26 05:00:00,181.3213,182.24,181.16,182.76,615639,180.65,1970.0
2024-02-27 05:00:00,181.8192,181.1,182.63,183.9225,669751,179.56,1970.0
2024-02-28 05:00:00,181.1915,182.51,181.42,183.12,596442,180.13,1970.0
2024-02-29 05:00:00,180.6781,181.27,180.75,182.57,813073,179.53,1970.0
2024-03-01 05:00:00,179.0322,179.55,179.66,180.53,911077,177.38,1970.0
2024-03-04 05:00:00,174.8938,176.15,175.1,176.9,1167166,173.79,1970.0
2024-03-05 05:00:00,170.3234,170.76,170.12,172.04,1108820,169.62,1970.0
2024-03-06 05:00:00,169.5506,171.06,169.12,171.24,896297,168.68,1970.0
2024-03-07 05:00:00,169.3619,169.15,169.0,170.73,825405,168.49,1970.0
2024-03-08 05:00:00,171.5322,169.0,170.73,173.7,925213,168.94,1970.0
2024-03-11 04:00:00,172.9273,172.94,172.75,174.38,793618,172.05,1970.0
2024-03-12 04:00:00,172.8726,173.15,173.23,174.03,735065,171.01,1970.0
2024-03-13 04:00:00,171.3457,172.77,171.13,173.185,647120,170.76,1970.0
2024-03-14 04:00:00,173.0899,172.91,173.0,174.3078,806014,172.05,1970.0
2024-03-15 04:00:00,171.8002,171.17,172.62,172.62,771387,170.285,1970.0
2024-03-18 04:00:00,175.4587,175.57,173.72,177.71,866388,173.52,1970.0
2024-03-19 04:00:00,175.4779,174.34,176.08,176.605,636058,173.03,1970.0
2024-03-20 04:00:00,177.2239,175.72,178.67,178.67,641653,175.09,1970.0
2024-03-21 04:00:00,172.7231,177.05,171.37,177.49,1224985,170.84,1970.0
2024-03-22 04:00:00,172.0464,171.76,172.28,173.05,736378,170.06,1970.0
2024-03-25 04:00:00,170.7132,170.565,170.85,171.94,727686,169.45,1970.0
2024-03-26 04:00:00,170.323,170.0,169.71,171.42,684303,169.58,1970.0
2024-03-27 04:00:00,172.5879,170.41,173.31,173.6,670629,170.11,1970.0
2024-03-28 04:00:00,171.3942,171.75,171.48,172.23,648026,170.51,1970.0
2024-04-01 04:00:00,170.0696,171.19,170.03,171.25,676830,169.475,1970.0
2024-04-02 04:00:00,168.8967,169.08,168.84,169.34,608914,168.2302,1970.0
2024-04-03 04:00:00,169.8623,168.79,169.65,170.68,571286,168.58,1970.0
2024-04-04 04:00:00,170.1029,170.29,168.82,171.92,630783,168.82,1970.0
2024-04-05 04:00:00,169.6415,169.59,169.58,170.39,540854,168.95,1970.0
2024-04-08 04:00:00,168.6637,169.03,168.45,169.2,549987,168.24,1970.0
2024-04-09 04:00:00,169.1566,168.7,169.67,170.08,541699,168.35,1970.0
2024-04-10 04:00:00,167.9914,168.8,167.78,169.09,647587,167.11,1970.0
2024-04-11 04:00:00,172.6956,168.34,175.04,175.46,828408,168.16,1970.0
2024-04-12 04:00:00,176.3413,174.26,176.55,178.36,960229,174.21,1970.0
2024-04-15 04:00:00,174.1336,175.36,172.69,176.63,846771,172.5,1970.0
2024-04-16 04:00:00,170.0498,171.75,169.38,173.76,834297,168.27,1970.0
2024-04-17 04:00:00,168.9807,169.61,168.0,170.65,599004,168.0,1970.0
2024-04-18 04:00:00,167.3951,168.03,167.04,168.64,553239,166.55,1970.0
2024-04-19 04:00:00,165.1473,166.21,165.0,166.4,754775,164.075,1970.0
2024-04-22 04:00:00,165.9651,165.515,165.84,167.26,610367,164.77,1970.0
2024-04-23 04:00:00,166.5257,165.35,166.9,167.05,554942,164.92,1970.0
2024-04-24 04:00:00,168.4404,166.54,169.02,169.3,584990,166.21,1970.0
2024-04-25 04:00:00,169.4461,169.525,169.89,170.61,608882,168.1511,1970.0
2024-04-26 04:00:00,169.9936,169.88,169.3,171.34,563911,169.18,1970.0
2024-04-29 04:00:00,174.3663,173.37,173.5,176.03,808215,173.1,1970.0
2024-04-30 04:00:00,172.1418,173.33,170.33,174.99,647476,170.0,1970.0
2024-05-01 04:00:00,170.7198,169.58,169.3,172.705,648626,169.11,1970.0
2024-05-02 04:00:00,174.5241,172.51,173.03,173.415,944119,170.89,1970.0
2024-05-03 04:00:00,184.3674,186.645,183.38,187.0,1468505,182.66,1970.0
2024-05-06 04:00:00,181.8711,182.354,181.71,184.2,898763,180.42,1970.0
2024-05-07 04:00:00,182.7741,183.45,182.4,184.9,747518,181.32,1970.0
2024-05-08 04:00:00,182.4822,182.85,182.74,183.07,518609,181.45,1970.0
2024-05-09 04:00:00,184.005,182.56,184.57,184.66,551004,182.11,1970.0
2024-05-10 04:00:00,183.097,184.9,183.05,185.09,558778,182.13,1970.0
2024-05-13 04:00:00,186.2045,185.435,186.28,187.1,726518,184.62,1970.0
2024-05-14 04:00:00,187.1924,187.51,187.43,188.3,559493,186.29,1970.0
2024-05-15 04:00:00,189.6538,187.91,189.72,190.65,727614,187.37,1970.0
2024-05-16 04:00:00,190.1061,190.47,189.84,191.095,566951,189.6601,1970.0
2024-05-17 04:00:00,189.9231,189.51,189.87,190.81,478193,189.18,1970.0
2024-05-20 04:00:00,191.0826,189.325,191.04,191.9199,566908,189.01,1970.0
2024-05-21 04:00:00,192.2542,191.09,192.35,192.73,502788,190.9201,1970.0
2024-05-22 04:00:00,191.4301,192.265,190.9,192.8231,452377,190.27,1970.0
2024-05-23 04:00:00,188.1932,190.98,186.88,191.0,574010,186.625,1970.0
2024-05-24 04:00:00,189.7193,188.82,189.98,190.58,492870,188.0404,1970.0
2024-05-28 04:00:00,190.8158,191.51,189.99,193.0,702190,189.1,1970.0
2024-05-29 04:00:00,191.1133,189.61,190.29,192.247,603502,189.51,1970.0
2024-05-30 04:00:00,191.4032,190.76,191.29,192.18,568984,190.63,1970.0
2024-05-31 04:00:00,191.6187,191.44,192.25,192.57,618230,189.91,1970.0
2024-06-03 04:00:00,193.7892,192.9,194.03,194.99,700956,192.52,1970.0
2024-06-04 04:00:00,194.3014,194.635,194.35,195.32,575318,193.0342,1970.0
2024-06-05 04:00:00,195.8699,195.4,195.87,196.9,648283,194.87,1970.0
2024-06-06 04:00:00,195.3147,195.685,194.48,196.5,550122,194.17,1970.0
2024-06-07 04:00:00,195.9035,194.65,196.89,196.94,505958,194.14,1970.0
2024-06-10 04:00:00,194.4151,196.9,193.12,197.3,1115274,192.15,1970.0
2024-06-11 04:00:00,203.2083,193.65,207.15,207.16,1601776,193.63,1970.0
2024-06-12 04:00:00,215.2622,207.37,213.07,220.2,1861009,206.9,1970.0
2024-06-13 04:00:00,214.0158,214.74,214.24,216.75,1032968,211.6,1970.0
2024-06-14 04:00:00,212.7595,213.85,212.49,215.17,793743,211.3,1970.0
2024-06-17 04:00:00,216.4099,213.37,216.67,218.95,1034961,212.72,1970.0
2024-06-18 04:00:00,214.7342,217.59,214.29,218.63,919960,213.0,1970.0
2024-06-20 04:00:00,210.6223,213.93,209.68,214.24,1005360,208.85,1970.0
2024-06-21 04:00:00,208.4264,210.39,207.49,211.89,881938,207.11,1970.0
2024-06-24 04:00:00,209.3296,207.72,208.14,212.7,916151,206.59,1970.0
2024-06-25 04:00:00,209.6841,209.15,209.07,211.38,621193,208.61,1970.0
2024-06-26 04:00:00,213.1448,211.5,213.25,214.86,769103,210.64,1970.0
2024-06-27 04:00:00,213.9138,214.69,214.1,215.7395,644397,212.35,1970.0
2024-06-28 04:00:00,212.5585,215.77,210.62,216.07,729911,210.3,1970.0
2024-07-01 04:00:00,215.5066,212.09,216.75,217.51,784845,211.92,1970.0
2024-07-02 04:00:00,219.2005,216.15,220.27,220.38,689998,215.1,1970.0
2024-07-03 04:00:00,220.6593,220.0,221.55,221.55,566783,219.03,1970.0
2024-07-05 04:00:00,224.9718,221.65,226.34,226.45,767413,221.65,1970.0
2024-07-08 04:00:00,226.3635,227.09,227.82,227.85,790096,223.25,1970.0
2024-07-09 04:00:00,228.2164,227.93,228.68,229.4,651066,226.3721,1970.0
2024-07-10 04:00:00,231.6614,229.3,232.98,233.08,782526,229.25,1970.0
2024-07-11 04:00:00,228.4586,231.39,227.57,232.39,889306,225.77,1970.0
2024-07-12 04:00:00,230.9577,228.92,230.54,232.64,706283,228.68,1970.0
2024-07-15 04:00:00,234.9027,236.48,234.4,237.23,822674,233.09,1970.0
2024-07-16 04:00:00,234.3335,235.0,234.82,236.27,623962,232.33,1970.0
2024-07-17 04:00:00,228.8407,229.45,228.88,231.4599,811104,226.64,1970.0
2024-07-18 04:00:00,225.1554,230.28,224.18,230.44,844626,222.27,1970.0
2024-07-19 04:00:00,224.7259,224.82,224.31,226.8,612830,223.275,1970.0
2024-07-22 04:00:00,224.9473,227.01,223.96,227.78,704897,223.09,1970.0
2024-07-23 04:00:00,225.0215,224.365,225.01,226.94,551688,222.68,1970.0
2024-07-24 04:00:00,219.0689,224.0,218.54,224.8,816144,217.13,1970.0
2024-07-25 04:00:00,218.1084,218.93,217.49,220.85,737642,214.62,1970.0
2024-07-26 04:00:00,217.9018,218.7,217.96,219.49,608588,216.01,1970.0
2024-07-29 04:00:00,218.1352,216.96,218.24,219.3,604722,215.75,1970.0
2024-07-30 04:00:00,218.4136,219.19,218.8,220.325,584354,216.12,1970.0
2024-07-31 04:00:00,222.3356,221.44,222.08,223.82,668901,220.63,1970.0
2024-08-01 04:00:00,219.4531,224.37,218.36,224.48,876127,217.02,1970.0
2024-08-02 04:00:00,221.8938,219.15,219.86,225.6,1132553,217.71,1970.0
2024-08-05 04:00:00,207.8008,199.09,209.27,213.5,1661546,196.0,1970.0
2024-08-06 04:00:00,206.7392,205.3,207.23,209.99,921950,201.07,1970.0
2024-08-07 04:00:00,210.6883,206.9,209.82,213.64,741724,206.39,1970.0
2024-08-08 04:00:00,212.6165,213.11,213.31,214.2,628771,208.83,1970.0
2024-08-09 04:00:00,215.1999,212.1,216.24,216.78,589469,211.97,1970.0
2024-08-12 04:00:00,217.5465,216.07,217.53,219.5099,602530,215.6,1970.0
2024-08-13 04:00:00,220.8758,219.01,221.27,221.89,553265,219.01,1970.0
2024-08-14 04:00:00,221.5105,220.57,221.72,223.03,568518,219.7,1970.0
2024-08-15 04:00:00,224.5505,224.6,224.72,225.35,590574,222.76,1970.0
2024-08-16 04:00:00,225.4305,223.92,226.05,226.8271,562637,223.6501,1970.0
2024-08-19 04:00:00,224.8579,225.72,225.89,225.99,606363,223.04,1970.0
2024-08-20 04:00:00,226.5299,225.77,226.51,227.17,498797,225.45,1970.0
2024-08-21 04:00:00,226.4461,226.52,226.4,227.98,506656,225.05,1970.0
2024-08-22 04:00:00,225.4771,227.79,224.53,228.34,586188,223.9,1970.0
2024-08-23 04:00:00,226.581,225.6589,226.84,228.22,555153,224.33,1970.0
2024-08-26 04:00:00,226.0636,226.76,227.18,227.28,565403,223.8905,1970.0
2024-08-27 04:00:00,227.7927,225.995,228.03,228.85,491852,224.89,1970.0
2024-08-28 04:00:00,227.4243,227.92,226.49,229.86,563158,225.68,1970.0
2024-08-29 04:00:00,230.9934,230.1,229.79,232.92,723145,228.88,1970.0
2024-08-30 04:00:00,228.9147,230.19,229.0,230.4,594157,227.48,1970.0
2024-09-03 04:00:00,223.7969,228.55,222.77,229.0,813602,221.17,1970.0
2024-09-04 04:00:00,219.9662,221.66,220.85,221.78,679980,217.48,1970.0
2024-09-05 04:00:00,223.0951,221.625,222.38,225.48,588073,221.52,1970.0
2024-09-06 04:00:00,221.6372,223.95,220.82,225.24,663965,219.77,1970.0
2024-09-09 04:00:00,219.3818,220.82,220.91,221.27,945464,216.71,1970.0
2024-09-10 04:00:00,219.5811,218.92,220.11,221.48,684935,216.73,1970.0
2024-09-11 04:00:00,221.236,221.455,222.66,223.09,609494,217.89,1970.0
2024-09-12 04:00:00,222.3956,222.5,222.77,223.55,556916,219.82,1970.0
2024-09-13 04:00:00,222.9215,223.58,222.5,224.04,541883,221.91,1970.0
2024-09-16 04:00:00,215.9366,216.54,216.32,217.22,870760,213.92,1970.0
2024-09-17 04:00:00,216.194,215.75,216.79,216.9,651444,214.5,1970.0
2024-09-18 04:00:00,220.4476,217.55,220.69,222.71,833014,217.54,1970.0
2024-09-19 04:00:00,228.3978,224.99,228.87,229.82,808546,224.63,1970.0
2024-09-20 04:00:00,228.9173,229.97,228.2,233.09,971913,227.62,1970.0
2024-09-23 04:00:00,227.0255,227.34,226.47,229.45,693311,225.81,1970.0
2024-09-24 04:00:00,227.2501,228.645,227.37,229.35,519573,225.73,1970.0
2024-09-25 04:00:00,225.8624,224.93,226.37,227.29,564630,224.02,1970.0
2024-09-26 04:00:00,227.2807,227.3,227.52,228.5,433164,225.41,1970.0
2024-09-27 04:00:00,228.1279,228.46,227.79,229.52,504107,227.3,1970.0
2024-09-30 04:00:00,232.0056,230.04,233.0,233.0,710084,229.65,1970.0
2024-10-01 04:00:00,225.9759,229.52,226.21,229.65,832119,223.74,1970.0
2024-10-02 04:00:00,226.0517,225.89,226.78,227.37,504717,223.02,1970.0
2024-10-03 04:00:00,225.0086,225.14,225.67,226.805,516347,223.32,1970.0
2024-10-04 04:00:00,225.8887,227.9,226.8,228.0,558162,224.13,1970.0
2024-10-07 04:00:00,223.2342,224.5,221.69,225.69,607240,221.33,1970.0
2024-10-08 04:00:00,225.0548,224.3,225.77,225.98,495518,223.25,1970.0
2024-10-09 04:00:00,228.3401,225.23,229.54,229.75,519279,224.83,1970.0
2024-10-10 04:00:00,228.5592,227.78,229.04,229.5,446857,227.17,1970.0
2024-10-11 04:00:00,228.0176,229.3,227.55,229.41,485460,227.34,1970.0
2024-10-14 04:00:00,230.7772,228.7,231.3,231.73,580529,228.6,1970.0
2024-10-15 04:00:00,234.795,233.61,233.85,237.49,827529,232.37,1970.0
2024-10-16 04:00:00,231.1082,231.6,231.78,232.12,551097,229.84,1970.0
2024-10-17 04:00:00,232.0782,233.43,232.15,233.85,487629,230.52,1970.0
2024-10-18 04:00:00,235.2165,236.18,235.0,236.18,562501,234.01,1970.0
2024-10-21 04:00:00,235.9588,234.45,236.48,236.85,538692,234.45,1970.0
2024-10-22 04:00:00,234.9316,233.885,235.86,236.22,489180,232.6,1970.0
2024-10-23 04:00:00,231.1276,234.08,230.76,235.144,722059,227.76,1970.0
2024-10-24 04:00:00,230.1026,229.98,230.57,230.82,490815,228.41,1970.0
2024-10-25 04:00:00,231.6647,229.74,231.41,233.22,551679,229.57,1970.0
2024-10-28 04:00:00,233.5569,233.32,233.4,234.73,557146,232.55,1970.0
2024-10-29 04:00:00,233.5947,233.1,233.67,234.325,484093,232.32,1970.0
2024-10-30 04:00:00,230.8804,232.61,230.1,233.47,593651,229.55,1970.0
2024-10-31 04:00:00,226.6453,229.34,225.91,229.83,767895,225.37,1970.0
2024-11-01 04:00:00,222.8124,220.965,222.91,225.35,859117,220.27,1970.0
2024-11-04 05:00:00,221.7744,220.99,222.01,222.79,647166,219.71,1970.0
2024-11-05 05:00:00,223.1048,221.795,223.45,223.95,502059,221.14,1970.0
2024-11-06 05:00:00,223.8013,222.61,222.72,226.065,796635,221.19,1970.0
2024-11-07 05:00:00,226.791,224.625,227.48,227.875,623242,224.57,1970.0
2024-11-08 05:00:00,227.2124,227.17,226.96,228.66,541125,226.405,1970.0
2024-11-11 05:00:00,223.4599,225.0,224.23,225.7,555127,221.5,1970.0
2024-11-12 05:00:00,224.3724,224.55,224.23,225.59,462612,223.355,1970.0
2024-11-13 05:00:00,224.9226,224.01,225.12,226.65,467219,222.76,1970.0
2024-11-14 05:00:00,227.4472,225.02,228.22,228.87,492068,225.0,1970.0
2024-11-15 05:00:00,225.0925,226.4,225.0,226.92,451319,224.27,1970.0
2024-11-18 05:00:00,228.083,225.25,228.02,229.74,437779,225.17,1970.0
2024-11-19 05:00:00,228.6648,226.98,228.28,230.16,365242,226.66,1970.0
2024-11-20 05:00:00,228.0808,228.06,229.0,229.93,358454,225.89,1970.0
2024-11-21 05:00:00,228.4689,228.88,228.52,230.155,431685,225.7103,1970.0
2024-11-22 05:00:00,229.6877,228.06,229.87,230.7199,380624,228.06,1970.0
2024-11-25 05:00:00,232.3535,231.46,232.87,233.245,510697,229.74,1970.0
2024-11-26 05:00:00,234.7502,233.33,235.06,235.57,450015,233.33,1970.0
2024-11-27 05:00:00,234.7968,234.465,234.93,235.69,339860,233.8101,1970.0
2024-11-29 05:00:00,236.6232,234.805,237.33,237.81,268955,233.97,1970.0
2024-12-02 05:00:00,239.4992,237.27,239.59,240.79,469685,237.16,1970.0
2024-12-03 05:00:00,241.644,239.81,242.65,242.76,419384,238.9,1970.0
2024-12-04 05:00:00,242.918,242.87,243.01,244.11,406663,241.25,1970.0
2024-12-05 05:00:00,243.0077,243.99,243.04,244.54,401262,242.13,1970.0
2024-12-06 05:00:00,243.187,242.905,242.84,244.63,366549,242.08,1970.0
2024-12-09 05:00:00,246.0624,241.83,246.75,247.24,500769,241.75,1970.0
2024-12-10 05:00:00,247.2778,246.89,247.77,248.21,423350,245.34,1970.0
2024-12-11 05:00:00,248.069,247.96,246.49,250.8,455625,246.2601,1970.0
2024-12-12 05:00:00,247.7433,246.89,247.96,248.74,353012,245.68,1970.0
2024-12-13 05:00:00,247.7598,247.815,248.13,249.2902,349809,246.24,1970.0
2024-12-16 05:00:00,250.4623,247.99,251.04,251.38,448224,247.65,1970.0
2024-12-17 05:00:00,252.982,250.08,253.48,253.83,487662,249.78,1970.0
2024-12-18 05:00:00,250.531,252.16,248.05,254.28,564346,247.74,1970.0
2024-12-19 05:00:00,249.8401,247.5,249.79,252.0,532893,247.0949,1970.0
2024-12-20 05:00:00,253.1916,248.04,254.49,255.0,551019,245.69,1970.0
2024-12-23 05:00:00,254.7699,254.77,255.27,255.65,422563,253.45,1970.0
2024-12-24 05:00:00,257.4634,255.49,258.2,258.21,245932,255.29,1970.0
2024-12-26 05:00:00,258.9315,258.19,259.02,260.1,362325,257.63,1970.0
2024-12-27 05:00:00,255.2418,257.83,255.59,258.7,474899,253.06,1970.0
2024-12-30 05:00:00,252.2669,252.23,252.2,253.5,421634,250.75,1970.0
2024-12-31 05:00:00,250.6934,252.44,250.42,253.28,361255,249.43,1970.0
2025-01-02 05:00:00,244.346,248.93,243.85,249.1,685447,241.8201,1970.0
2025-01-03 05:00:00,243.0805,243.36,243.36,244.18,493786,241.89,1970.0
2025-01-06 05:00:00,245.1726,244.31,245.0,247.33,493920,243.2,1970.0
2025-01-07 05:00:00,242.9459,242.98,242.21,245.55,462887,241.35,1970.0
2025-01-08 05:00:00,242.2993,241.92,242.7,243.7123,406915,240.05,1970.0
2025-01-10 05:00:00,236.6063,240.01,236.85,240.16,685975,233.0,1970.0
2025-01-13 05:00:00,232.7529,233.53,234.4,234.67,561231,229.72,1970.0
2025-01-14 05:00:00,233.8732,234.75,233.28,236.12,436332,232.472,1970.0
2025-01-15 05:00:00,237.58,234.635,237.87,238.96,418803,234.43,1970.0
2025-01-16 05:00:00,230.4964,237.35,228.26,238.01,786111,228.03,1970.0
2025-01-17 05:00:00,230.4618,232.115,229.98,232.29,579300,228.48,1970.0
2025-01-21 05:00:00,221.6956,224.0,222.64,224.42,1220197,219.38,1970.0
2025-01-22 05:00:00,222.8221,219.79,223.83,224.12,683037,219.79,1970.0
2025-01-23 05:00:00,224.1093,224.74,223.66,227.03,619806,222.3,1970.0
2025-01-24 05:00:00,223.1447,224.78,222.78,225.63,579473,221.41,1970.0
2025-01-27 05:00:00,228.8379,224.02,229.86,232.15,1008209,223.98,1970.0
2025-01-28 05:00:00,237.4839,230.85,238.26,240.19,788816,230.81,1970.0
2025-01-29 05:00:00,237.4858,234.12,239.36,239.855,515212,234.01,1970.0
2025-01-30 05:00:00,238.9601,238.665,237.59,240.79,636380,237.21,1970.0
2025-01-31 05:00:00,238.5565,247.19,236.0,247.19,936709,233.44,1970.0
2025-02-03 05:00:00,228.3037,229.99,228.01,231.83,851633,225.7,1970.0
2025-02-04 05:00:00,231.2132,227.25,232.8,233.13,497327,226.65,1970.0
2025-02-05 05:00:00,230.8247,228.53,232.47,232.67,445631,228.27,1970.0
2025-02-06 05:00:00,232.4036,231.285,233.22,233.8,375400,230.425,1970.0
2025-02-07 05:00:00,229.1297,232.6,227.63,234.0,488184,227.26,1970.0
2025-02-10 05:00:00,228.45,229.57,227.65,230.585,398258,227.2,1970.0
2025-02-11 05:00:00,232.4505,228.2,232.62,235.23,552126,228.13,1970.0
2025-02-12 05:00:00,235.0413,231.2,236.87,236.96,486474,230.68,1970.0
2025-02-13 05:00:00,240.3233,236.91,241.53,242.3399,531132,235.57,1970.0
2025-02-14 05:00:00,244.0715,241.25,244.6,245.55,481731,240.99,1970.0
2025-02-18 05:00:00,244.1423,244.15,244.47,245.18,486720,241.84,1970.0
2025-02-19 05:00:00,244.6863,244.66,244.87,246.01,383453,243.1604,1970.0
2025-02-20 05:00:00,245.6383,244.94,245.83,246.78,405771,244.29,1970.0
2025-02-21 05:00:00,246.3756,245.95,245.55,248.69,508397,245.22,1970.0
2025-02-24 05:00:00,247.2414,244.925,247.1,248.86,593130,244.42,1970.0
2025-02-25 05:00:00,247.4765,248.0,247.04,250.0,574045,244.91,1970.0
2025-02-26 05:00:00,241.6568,244.33,240.36,244.98,557242,239.13,1970.0
2025-02-27 05:00:00,239.4953,239.41,237.3,242.46,503479,237.06,1970.0
2025-02-28 05:00:00,239.5113,236.95,241.84,242.09,572583,230.2,1970.0
2025-03-03 05:00:00,239.9029,241.79,238.03,244.0272,557039,236.112,1970.0
2025-03-04 05:00:00,237.5186,237.705,235.93,240.07,685392,234.68,1970.0
2025-03-05 05:00:00,234.0871,235.42,235.74,236.55,558644,229.23,1970.0
2025-03-06 05:00:00,235.2928,234.435,235.33,237.86,551789,233.1581,1970.0
2025-03-07 05:00:00,238.9039,235.105,239.07,241.37,581194,234.76,1970.0
2025-03-10 04:00:00,227.6311,235.54,227.48,236.16,1152721,224.22,1970.0
2025-03-11 04:00:00,221.1807,223.805,220.84,225.8399,899697,217.45,1970.0
2025-03-12 04:00:00,217.6087,220.14,216.98,221.75,792931,214.91,1970.0
2025-03-13 04:00:00,212.0144,215.95,209.68,216.8394,768933,208.42,1970.0
2025-03-14 04:00:00,212.4529,211.25,213.49,213.95,668917,209.58,1970.0
2025-03-17 04:00:00,213.2536,213.31,214.0,215.22,577436,209.97,1970.0
2025-03-18 04:00:00,213.0584,214.16,212.69,215.15,493002,211.49,1970.0
2025-03-19 04:00:00,215.5599,214.22,215.24,218.76,524677,213.75,1970.0
2025-03-20 04:00:00,214.3888,213.99,214.1,217.4899,499769,212.22,1970.0
2025-03-21 04:00:00,215.9292,211.56,218.27,218.84,496946,211.28,1970.0
2025-03-24 04:00:00,220.0734,221.0,220.73,221.48,495018,218.58,1970.0
2025-03-25 04:00:00,223.1154,220.77,223.75,224.1,407132,220.08,1970.0
2025-03-26 04:00:00,222.5202,223.51,221.53,225.02,440451,220.47,1970.0
2025-03-27 04:00:00,223.3729,221.39,223.85,224.99,387118,220.5601,1970.0
2025-03-28 04:00:00,219.3577,221.67,217.9,223.81,485185,217.68,1970.0
2025-03-31 04:00:00,220.6569,217.005,222.13,225.62,646562,216.23,1970.0
2025-04-01 04:00:00,222.3346,219.805,223.19,223.68,594669,218.9,1970.0
2025-04-02 04:00:00,222.4314,221.315,223.89,225.19,473114,221.02,1970.0
2025-04-03 04:00:00,204.1959,205.54,203.19,207.49,1366640,201.25,1970.0
2025-04-04 04:00:00,192.5544,193.89,188.38,199.88,1716139,187.34,1970.0
2025-04-07 04:00:00,180.5647,177.2,181.46,194.15,2117014,174.62,1970.0
2025-04-08 04:00:00,179.0738,186.7,172.42,190.335,1671524,169.2101,1970.0
2025-04-09 04:00:00,187.9565,171.95,198.85,200.61,2212956,171.89,1970.0
2025-04-10 04:00:00,189.982,189.065,190.42,194.7799,1500041,183.0,1970.0
2025-04-11 04:00:00,195.623,186.1,198.15,199.54,1073191,186.06,1970.0
2025-04-14 04:00:00,205.5914,211.44,202.52,212.94,1272714,201.1621,1970.0
2025-04-15 04:00:00,202.1396,201.855,202.14,203.51,595846,199.8,1970.0
2025-04-16 04:00:00,195.8891,198.36,194.27,200.7,744248,192.37,1970.0
2025-04-17 04:00:00,196.8888,197.2,196.98,198.8335,537919,194.42,1970.0
2025-04-21 04:00:00,192.0767,193.265,193.16,193.8,576340,189.8112,1970.0
2025-04-22 04:00:00,199.2937,196.12,199.74,201.59,608790,195.97,1970.0
2025-04-23 04:00:00,205.3603,206.0,204.6,208.0,664354,202.799,1970.0
2025-04-24 04:00:00,207.0889,204.89,208.37,208.8299,490831,202.94,1970.0
2025-04-25 04:00:00,208.3682,206.365,209.28,209.75,469917,206.2,1970.0
2025-04-28 04:00:00,209.6743,210.0,210.14,211.5,436968,207.46,1970.0
2025-04-29 04:00:00,210.9585,208.693,211.21,212.24,403524,208.37,1970.0
2025-04-30 04:00:00,211.3283,209.3,212.5,213.58,501667,206.6705,1970.0
2025-05-01 04:00:00,211.8686,209.08,213.32,214.56,712565,208.9,1970.0
2025-05-02 04:00:00,204.9131,206.09,205.35,206.99,1100613,202.16,1970.0
2025-05-05 04:00:00,199.7435,203.1,198.89,204.1,770697,198.21,1970.0
2025-05-06 04:00:00,198.8453,198.21,198.51,200.65,529849,197.02,1970.0
2025-05-07 04:00:00,195.9883,199.17,196.25,199.44,753075,193.25,1970.0
2025-05-08 04:00:00,197.7519,197.72,197.49,200.05,599001,194.6796,1970.0
2025-05-09 04:00:00,198.6614,199.0,198.53,200.5399,423067,197.535,1970.0
2025-05-12 04:00:00,209.7114,210.97,210.79,211.2679,806841,206.75,1970.0
2025-05-13 04:00:00,211.8003,210.43,212.93,213.4,608884,209.0,1970.0
2025-05-14 04:00:00,212.2847,212.43,212.33,213.94,596267,210.5801,1970.0
2025-05-15 04:00:00,211.308,210.95,211.45,212.96,550863,209.54,1970.0
2025-05-16 04:00:00,211.25,212.36,211.26,212.57,512788,209.77,1970.0
2025-05-19 04:00:00,207.6892,207.91,208.78,209.48,617742,204.26,1970.0
2025-05-20 04:00:00,207.0811,207.67,206.86,208.47,511393,205.03,1970.0
2025-05-21 04:00:00,203.4576,205.17,202.09,207.04,783994,200.71,1970.0
2025-05-22 04:00:00,201.4092,200.71,201.36,202.75,615608,199.7,1970.0
2025-05-23 04:00:00,195.8833,193.665,195.27,197.7,1035410,193.46,1970.0
2025-05-27 04:00:00,199.4808,198.3,200.21,200.74,710445,197.43,1970.0
2025-05-28 04:00:00,200.9086,200.59,200.42,202.73,549615,199.9,1970.0
2025-05-29 04:00:00,200.5388,203.575,199.95,203.81,652509,198.51,1970.0
2025-05-30 04:00:00,199.9641,199.37,200.85,201.96,605924,196.78,1970.0
2025-06-02 04:00:00,201.2063,200.28,201.7,202.13,501431,200.12,1970.0
2025-06-03 04:00:00,202.8132,201.35,203.27,203.77,519820,200.955,1970.0
2025-06-04 04:00:00,203.6276,202.91,202.82,206.24,568214,202.1,1970.0
2025-06-05 04:00:00,201.838,203.5,200.63,204.75,637645,200.15,1970.0
2025-06-06 04:00:00,204.0682,203.0,203.92,205.7,556357,202.05,1970.0
2025-06-09 04:00:00,202.5405,204.39,201.45,206.0,860118,200.02,1970.0
2025-06-10 04:00:00,202.5339,200.6,202.67,204.35,611323,200.57,1970.0
2025-06-11 04:00:00,200.4652,203.5,198.78,204.5,770310,198.41,1970.0
2025-06-12 04:00:00,198.7007,199.08,199.2,199.68,541843,197.3601,1970.0
2025-06-13 04:00:00,197.0361,199.73,196.45,200.37,716210,195.7,1970.0
